Name,descriptio,timestamp,begin,end,altitudeMo,tessellate,extrude,visibility,drawOrder,icon,x,y,nontree_veg_count,nontree_veg_sum,percent_ntveg
Crags Court Community Garden,,,,,,-1,0,-1,,,1828980.928,639544.971,1658,414,0.249698432
Alemany Farm,,,,,,-1,0,-1,,,1830798.569,638601.959,1662,68,0.040914561
White Crane Springs Community Garden,,,,,,-1,0,-1,,,1827031.15,641284.116,1663,173,0.104028863
Florence Fang Community Farm,,,,,,-1,0,-1,,,1832893.001,638258.414,1666,0,0
Dearborn Community Garden,,,,,,-1,0,-1,,,1830600.207,641840.521,1659,26,0.015672092
Dogpatch/Miller Memorial Community Garden,,,,,,-1,0,-1,,,1831929.019,639884.11,1661,14,0.008428657
Michaelangelo Community Garden,,,,,,-1,0,-1,,,1831186.237,646132.91,1664,0,0
Potrero Hill Community Garden,,,,,,-1,0,-1,,,1832132.923,641516.019,1663,0,0
Fort Mason Community Garden,,,,,,-1,0,-1,,,1830194.37,646699.502,1669,133,0.079688436
Koshland Park Community Garden,,,,,,-1,0,-1,,,1830307.618,643058.232,1661,0,0
Argonne Community Garden,,,,,,-1,0,-1,,,1826110.13,643236.714,1661,233,0.140276942
Golden Gate Park CommUNITY Garden,,,,,,-1,0,-1,,,1827572.383,642316.141,1664,181,0.108774038
La Grande Community Garden,,,,,,-1,0,-1,,,1830028.569,636655.094,1659,444,0.267631103
Arlington Community Garden,,,,,,-1,0,-1,,,1830222.81,639038.909,1667,6,0.00359928
Visitación Valley Greenway Community Garden,,,,,,-1,0,-1,,,1831961.784,636360.388,1657,9,0.005431503
Potrero del Sol Community Garden,,,,,,-1,0,-1,,,1832129.683,640416.498,1659,9,0.005424955
Adam Rogers Community Garden,,,,,,-1,0,-1,,,1833976.562,638319.062,1667,4,0.00239952
Brooks Park Community Garden,,,,,,-1,0,-1,,,1826684.477,636909.431,1664,0,0
In Chan Kaajal Community Garden,,,,,,-1,0,-1,,,1831221.204,642015.307,1668,0,0
Sunset Community Garden,,,,,,-1,0,-1,,,1824114.061,640531.647,1661,82,0.049367851