Name,descriptio,timestamp,begin,end,altitudeMo,tessellate,extrude,visibility,drawOrder,icon,area_each,_count,_sum,_mean,percent_imp
Crags Court Community Garden,,,,,,"-1","0","-1",,,"772652",859,313767,365.270081490105,0.406
Alemany Farm,,,,,,"-1","0","-1",,,"772652",857,532593,621.462077012835,0.689
White Crane Springs Community Garden,,,,,,"-1","0","-1",,,"772652",859,382626,445.431897555297,0.495
Florence Fang Community Farm,,,,,,"-1","0","-1",,,"772652",860,627417,729.554651162791,0.812
Dearborn Community Garden,,,,,,"-1","0","-1",,,"772652",855,646452,756.084210526316,0.837
Dogpath/Miller Memorial Community Garden,,,,,,"-1","0","-1",,,"772652",855,574317,671.715789473684,0.743
Michaelangelo Community Garden,,,,,,"-1","0","-1",,,"772651",855,630261,737.147368421053,0.816
Portrero Hill Community Garden,,,,,,"-1","0","-1",,,"772652",860,602721,700.838372093023,0.780
Fort Mason Community Garden,,,,,,"-1","0","-1",,,"772651",857,535986,625.421236872812,0.694
Koshland Park Community Garden,,,,,,"-1","0","-1",,,"772652",854,667809,781.97775175644,0.864
Argonne Community Garden,,,,,,"-1","0","-1",,,"772652",856,429444,501.68691588785,0.556
Golden Gate Park CommUNITY Garden,,,,,,"-1","0","-1",,,"772652",857,423936,494.674445740957,0.549
La Grande Community Garden,,,,,,"-1","0","-1",,,"772652",855,338229,395.589473684211,0.438
Arlington Community Garden,,,,,,"-1","0","-1",,,"772652",861,549594,638.320557491289,0.711
Visitacion Valley Greenway Community Garden,,,,,,"-1","0","-1",,,"772652",855,595800,696.842105263158,0.771
Portrero del Sol Community Garden,,,,,,"-1","0","-1",,,"772652",860,625095,726.854651162791,0.809
Adam Rogers Community Garden,,,,,,"-1","0","-1",,,"772652",863,540693,626.527230590962,0.700
Brooks Park Community Garden,,,,,,"-1","0","-1",,,"772652",860,567990,660.453488372093,0.735
In Chan Kaajal Community Garden,,,,,,"-1","0","-1",,,"772652",866,736155,850.06351039261,0.953
Sunset Community Garden,,,,,,"-1","0","-1",,,"772652",862,524520,608.491879350348,0.679
