Name,total_area,Site_code
Adam Rogers Community Garden,7752.084,ADRO
Alemany Farm,7711.696,ALEM
Argonne Community Garden,7745.822,ARGO
Arlington Community Garden,7759.683,ARLI
Brooks Park Community Garden,7715.296,BRPA
Crags Court Community Garden,7737.583,CRCO
Dearborn Community Garden,7756.969,DEAR
Dogpatch/Miller Memorial Community Garden,7773.059,DMME
Florence Fang Community Farm,7737.196,FLFA
Fort Mason Community Garden,7758.906,FOMA
Golden Gate Park CommUNITY Garden,7696.459,GGPC
In Chan Kaajal Community Garden,7747.41,ICKA
Koshland Park Community Garden,7738.48,KOPA
La Grande Community Garden,7494.471,LAGR
Michaelangelo Community Garden,7762.042,MICH
Potrero del Sol Community Garden,7706.616,PDSO
Potrero Hill Community Garden,7755.719,POHI
Sunset Community Garden,7738.293,SUNS
Visitacion Valley Greenway Community Garden,7741.708,VIVA
White Crane Springs Community Garden,7715.849,WCSP