#,Field,Minimum,Maximum,Mean,Std Deviation,Variance,Count
1,Encountering birds in the garden is important to me,1,7,6.25,1.15,1.33,163
2,Encountering birds in the garden makes me feel connected to nature,1,7,6.41,1.01,1.02,162
3,I enjoy seeing/hearing birds in the garden,1,7,6.58,0.86,0.73,163
4,I believe birds in the garden are pests,1,7,2.09,1.47,2.17,160
5,I believe birds play an important ecological role in the garden,1,7,6.35,1.02,1.03,161
6,I believe birds are beneficial to the plants I'm growing in the garden,2,7,5.73,1.34,1.8,162